{
  "hash": "b9aff4e5",
  "configHash": "238294eb",
  "lockfileHash": "2e71f662",
  "browserHash": "614146bf",
  "optimized": {
    "react": {
      "src": "../../node_modules/react/index.js",
      "file": "react.js",
      "fileHash": "c924a9ef",
      "needsInterop": true
    },
    "react-dom/client": {
      "src": "../../node_modules/react-dom/client.js",
      "file": "react-dom_client.js",
      "fileHash": "2df95d8f",
      "needsInterop": true
    }
  },
  "chunks": {
    "chunk-O5RE5CKT": {
      "file": "chunk-O5RE5CKT.js"
    }
  }
}